TYPE,N,THREADS,TIME (MICROSECONDES)
norm,32000,1,121
vectoriel 128,32000,1,46
vectoriel 256,32000,1,92
norm,32000,4,137
norm,32000,8,209
norm,32000,16,348
norm,32000,32,569
vectoriel 128,32000,4,70
vectoriel 128,32000,8,109
vectoriel 128,32000,16,203
vectoriel 128,32000,32,384
vectoriel 256,32000,4,74
vectoriel 256,32000,8,111
vectoriel 256,32000,16,243
vectoriel 256,32000,32,421
norm,320000,1,1352
vectoriel 128,320000,1,558
vectoriel 256,320000,1,845
norm,320000,4,406
norm,320000,8,472
norm,320000,16,466
norm,320000,32,660
vectoriel 128,320000,4,267
vectoriel 128,320000,8,251
vectoriel 128,320000,16,346
vectoriel 128,320000,32,610
vectoriel 256,320000,4,329
vectoriel 256,320000,8,241
vectoriel 256,320000,16,288
vectoriel 256,320000,32,473
norm,3200000,1,14809
vectoriel 128,3200000,1,5515
vectoriel 256,3200000,1,8981
norm,3200000,4,3961
norm,3200000,8,2721
norm,3200000,16,2605
norm,3200000,32,2734
vectoriel 128,3200000,4,2237
vectoriel 128,3200000,8,1422
vectoriel 128,3200000,16,2028
vectoriel 128,3200000,32,2541
vectoriel 256,3200000,4,3950
vectoriel 256,3200000,8,2350
vectoriel 256,3200000,16,2452
vectoriel 256,3200000,32,2917
norm,32000000,1,149641
vectoriel 128,32000000,1,59051
vectoriel 256,32000000,1,97665
norm,32000000,4,53663
norm,32000000,8,32836
norm,32000000,16,29914
norm,32000000,32,26299
vectoriel 128,32000000,4,29577
vectoriel 128,32000000,8,15458
vectoriel 128,32000000,16,13350
vectoriel 128,32000000,32,9748
vectoriel 256,32000000,4,27781
vectoriel 256,32000000,8,21345
vectoriel 256,32000000,16,18059
vectoriel 256,32000000,32,15104
norm,320000000,1,1427400
vectoriel 128,320000000,1,542520
vectoriel 256,320000000,1,918371
norm,320000000,4,378664
norm,320000000,8,273812
norm,320000000,16,239749
norm,320000000,32,249403
vectoriel 128,320000000,4,155182
vectoriel 128,320000000,8,112666
vectoriel 128,320000000,16,105695
vectoriel 128,320000000,32,171125
vectoriel 256,320000000,4,291207
vectoriel 256,320000000,8,221735
vectoriel 256,320000000,16,248622
vectoriel 256,320000000,32,150892
norm,32000,1,137
vectoriel 128,32000,1,45
vectoriel 256,32000,1,104
norm,32000,4,148
norm,32000,8,173
norm,32000,16,446
norm,32000,32,693
vectoriel 128,32000,4,78
vectoriel 128,32000,8,182
vectoriel 128,32000,16,301
vectoriel 128,32000,32,569
vectoriel 256,32000,4,118
vectoriel 256,32000,8,137
vectoriel 256,32000,16,324
vectoriel 256,32000,32,508
norm,320000,1,2187
vectoriel 128,320000,1,749
vectoriel 256,320000,1,1802
norm,320000,4,664
norm,320000,8,656
norm,320000,16,565
norm,320000,32,810
vectoriel 128,320000,4,371
vectoriel 128,320000,8,279
vectoriel 128,320000,16,388
vectoriel 128,320000,32,732
vectoriel 256,320000,4,437
vectoriel 256,320000,8,352
vectoriel 256,320000,16,387
vectoriel 256,320000,32,944
norm,3200000,1,23996
vectoriel 128,3200000,1,10339
vectoriel 256,3200000,1,16639
norm,3200000,4,5528
norm,3200000,8,3685
norm,3200000,16,3856
norm,3200000,32,3992
vectoriel 128,3200000,4,2465
vectoriel 128,3200000,8,2425
vectoriel 128,3200000,16,2229
vectoriel 128,3200000,32,2306
vectoriel 256,3200000,4,4920
vectoriel 256,3200000,8,3219
vectoriel 256,3200000,16,2823
vectoriel 256,3200000,32,2552
norm,32000000,1,190808
vectoriel 128,32000000,1,87326
vectoriel 256,32000000,1,118918
norm,32000000,4,52783
norm,32000000,8,37105
norm,32000000,16,42778
norm,32000000,32,36230
vectoriel 128,32000000,4,34569
vectoriel 128,32000000,8,19767
vectoriel 128,32000000,16,15964
vectoriel 128,32000000,32,15893
vectoriel 256,32000000,4,54080
vectoriel 256,32000000,8,24844
vectoriel 256,32000000,16,22412
vectoriel 256,32000000,32,19756
norm,320000000,1,1775282
vectoriel 128,320000000,1,567178
vectoriel 256,320000000,1,1129815
norm,320000000,4,439838
norm,320000000,8,263760
norm,320000000,16,242490
norm,320000000,32,246377
vectoriel 128,320000000,4,138332
vectoriel 128,320000000,8,113399
vectoriel 128,320000000,16,104282
vectoriel 128,320000000,32,92143
vectoriel 256,320000000,4,210301
vectoriel 256,320000000,8,151348
vectoriel 256,320000000,16,130958
vectoriel 256,320000000,32,132786
norm,32000,1,124
vectoriel 128,32000,1,46
vectoriel 256,32000,1,78
norm,32000,4,108
norm,32000,8,122
norm,32000,16,243
norm,32000,32,693
vectoriel 128,32000,4,85
vectoriel 128,32000,8,218
vectoriel 128,32000,16,334
vectoriel 128,32000,32,483
vectoriel 256,32000,4,104
vectoriel 256,32000,8,204
vectoriel 256,32000,16,337
vectoriel 256,32000,32,646
norm,320000,1,1626
vectoriel 128,320000,1,546
vectoriel 256,320000,1,918
norm,320000,4,447
norm,320000,8,429
norm,320000,16,479
norm,320000,32,644
vectoriel 128,320000,4,302
vectoriel 128,320000,8,312
vectoriel 128,320000,16,376
vectoriel 128,320000,32,822
vectoriel 256,320000,4,448
vectoriel 256,320000,8,321
vectoriel 256,320000,16,336
vectoriel 256,320000,32,612
norm,3200000,1,13953
vectoriel 128,3200000,1,5638
vectoriel 256,3200000,1,9514
norm,3200000,4,4129
norm,3200000,8,3510
norm,3200000,16,4452
norm,3200000,32,5029
vectoriel 128,3200000,4,3118
vectoriel 128,3200000,8,1826
vectoriel 128,3200000,16,1741
vectoriel 128,3200000,32,1748
vectoriel 256,3200000,4,3026
vectoriel 256,3200000,8,2013
vectoriel 256,3200000,16,2300
vectoriel 256,3200000,32,2062
norm,32000000,1,142683
vectoriel 128,32000000,1,65873
vectoriel 256,32000000,1,110845
norm,32000000,4,63426
norm,32000000,8,44460
norm,32000000,16,34689
norm,32000000,32,38066
vectoriel 128,32000000,4,23929
vectoriel 128,32000000,8,17586
vectoriel 128,32000000,16,17224
vectoriel 128,32000000,32,22994
vectoriel 256,32000000,4,33912
vectoriel 256,32000000,8,22327
vectoriel 256,32000000,16,26651
vectoriel 256,32000000,32,22872
norm,320000000,1,1886511
vectoriel 128,320000000,1,578028
vectoriel 256,320000000,1,883819
norm,320000000,4,356586
norm,320000000,8,280345
norm,320000000,16,257765
norm,320000000,32,247951
vectoriel 128,320000000,4,152961
vectoriel 128,320000000,8,115300
vectoriel 128,320000000,16,102216
vectoriel 128,320000000,32,123480
vectoriel 256,320000000,4,210403
vectoriel 256,320000000,8,164175
vectoriel 256,320000000,16,143088
vectoriel 256,320000000,32,145328
norm,32000,1,165
vectoriel 128,32000,1,66
vectoriel 256,32000,1,120
norm,32000,4,145
norm,32000,8,169
norm,32000,16,286
norm,32000,32,634
vectoriel 128,32000,4,129
vectoriel 128,32000,8,238
vectoriel 128,32000,16,325
vectoriel 128,32000,32,702
vectoriel 256,32000,4,176
vectoriel 256,32000,8,232
vectoriel 256,32000,16,356
vectoriel 256,32000,32,690
norm,320000,1,1499
vectoriel 128,320000,1,525
vectoriel 256,320000,1,876
norm,320000,4,416
norm,320000,8,563
norm,320000,16,510
norm,320000,32,646
vectoriel 128,320000,4,305
vectoriel 128,320000,8,280
vectoriel 128,320000,16,325
vectoriel 128,320000,32,558
vectoriel 256,320000,4,377
vectoriel 256,320000,8,320
vectoriel 256,320000,16,364
vectoriel 256,320000,32,652
norm,3200000,1,14752
vectoriel 128,3200000,1,5757
vectoriel 256,3200000,1,10063
norm,3200000,4,3883
norm,3200000,8,3608
norm,3200000,16,4394
norm,3200000,32,3690
vectoriel 128,3200000,4,1872
vectoriel 128,3200000,8,1382
vectoriel 128,3200000,16,1775
vectoriel 128,3200000,32,1674
vectoriel 256,3200000,4,2230
vectoriel 256,3200000,8,1880
vectoriel 256,3200000,16,1992
vectoriel 256,3200000,32,2127
norm,32000000,1,143680
vectoriel 128,32000000,1,61386
vectoriel 256,32000000,1,99595
norm,32000000,4,44417
norm,32000000,8,31962
norm,32000000,16,29899
norm,32000000,32,28128
vectoriel 128,32000000,4,15155
vectoriel 128,32000000,8,12182
vectoriel 128,32000000,16,10445
vectoriel 128,32000000,32,14534
vectoriel 256,32000000,4,22498
vectoriel 256,32000000,8,18089
vectoriel 256,32000000,16,17340
vectoriel 256,32000000,32,16289
norm,320000000,1,1934230
vectoriel 128,320000000,1,550919
vectoriel 256,320000000,1,926098
norm,320000000,4,364328
norm,320000000,8,287623
norm,320000000,16,266981
norm,320000000,32,264271
vectoriel 128,320000000,4,148614
vectoriel 128,320000000,8,118141
vectoriel 128,320000000,16,104446
vectoriel 128,320000000,32,102926
vectoriel 256,320000000,4,215815
vectoriel 256,320000000,8,154708
vectoriel 256,320000000,16,149415
vectoriel 256,320000000,32,141575
norm,32000,1,150
vectoriel 128,32000,1,48
vectoriel 256,32000,1,81
norm,32000,4,122
norm,32000,8,139
norm,32000,16,252
norm,32000,32,434
vectoriel 128,32000,4,110
vectoriel 128,32000,8,138
vectoriel 128,32000,16,230
vectoriel 128,32000,32,550
vectoriel 256,32000,4,91
vectoriel 256,32000,8,139
vectoriel 256,32000,16,246
vectoriel 256,32000,32,461
norm,320000,1,1631
vectoriel 128,320000,1,696
vectoriel 256,320000,1,1056
norm,320000,4,780
norm,320000,8,612
norm,320000,16,720
norm,320000,32,789
vectoriel 128,320000,4,296
vectoriel 128,320000,8,261
vectoriel 128,320000,16,393
vectoriel 128,320000,32,534
vectoriel 256,320000,4,329
vectoriel 256,320000,8,290
vectoriel 256,320000,16,365
vectoriel 256,320000,32,604
norm,3200000,1,15464
vectoriel 128,3200000,1,5862
vectoriel 256,3200000,1,10304
norm,3200000,4,5860
norm,3200000,8,3957
norm,3200000,16,3379
norm,3200000,32,3901
vectoriel 128,3200000,4,2952
vectoriel 128,3200000,8,1622
vectoriel 128,3200000,16,1611
vectoriel 128,3200000,32,1569
vectoriel 256,3200000,4,3329
vectoriel 256,3200000,8,1988
vectoriel 256,3200000,16,2242
vectoriel 256,3200000,32,2250
norm,32000000,1,155073
vectoriel 128,32000000,1,67143
vectoriel 256,32000000,1,98756
norm,32000000,4,47076
norm,32000000,8,34481
norm,32000000,16,30829
norm,32000000,32,32177
vectoriel 128,32000000,4,18355
vectoriel 128,32000000,8,14349
vectoriel 128,32000000,16,14248
vectoriel 128,32000000,32,12119
vectoriel 256,32000000,4,23761
vectoriel 256,32000000,8,19662
vectoriel 256,32000000,16,17159
vectoriel 256,32000000,32,14117
norm,320000000,1,1977530
vectoriel 128,320000000,1,622943
vectoriel 256,320000000,1,944025
norm,320000000,4,420808
norm,320000000,8,287032
norm,320000000,16,267014
norm,320000000,32,255144
vectoriel 128,320000000,4,157081
vectoriel 128,320000000,8,113547
vectoriel 128,320000000,16,103961
vectoriel 128,320000000,32,114499
vectoriel 256,320000000,4,587953
vectoriel 256,320000000,8,469794
vectoriel 256,320000000,16,238990
vectoriel 256,320000000,32,194011
norm,32000,1,127
vectoriel 128,32000,1,48
vectoriel 256,32000,1,80
norm,32000,4,116
norm,32000,8,158
norm,32000,16,394
norm,32000,32,558
vectoriel 128,32000,4,119
vectoriel 128,32000,8,230
vectoriel 128,32000,16,364
vectoriel 128,32000,32,667
vectoriel 256,32000,4,116
vectoriel 256,32000,8,236
vectoriel 256,32000,16,334
vectoriel 256,32000,32,616
norm,320000,1,1636
vectoriel 128,320000,1,797
vectoriel 256,320000,1,923
norm,320000,4,706
norm,320000,8,422
norm,320000,16,503
norm,320000,32,647
vectoriel 128,320000,4,255
vectoriel 128,320000,8,212
vectoriel 128,320000,16,361
vectoriel 128,320000,32,646
vectoriel 256,320000,4,343
vectoriel 256,320000,8,304
vectoriel 256,320000,16,332
vectoriel 256,320000,32,614
norm,3200000,1,15642
vectoriel 128,3200000,1,8010
vectoriel 256,3200000,1,12852
norm,3200000,4,5735
norm,3200000,8,5441
norm,3200000,16,5424
norm,3200000,32,3524
vectoriel 128,3200000,4,1808
vectoriel 128,3200000,8,1385
vectoriel 128,3200000,16,1404
vectoriel 128,3200000,32,1617
vectoriel 256,3200000,4,2893
vectoriel 256,3200000,8,2073
vectoriel 256,3200000,16,2283
vectoriel 256,3200000,32,1551
norm,32000000,1,170692
vectoriel 128,32000000,1,115547
vectoriel 256,32000000,1,117109
norm,32000000,4,50041
norm,32000000,8,33992
norm,32000000,16,30866
norm,32000000,32,33673
vectoriel 128,32000000,4,18858
vectoriel 128,32000000,8,11744
vectoriel 128,32000000,16,14005
vectoriel 128,32000000,32,18994
vectoriel 256,32000000,4,23141
vectoriel 256,32000000,8,15841
vectoriel 256,32000000,16,17231
vectoriel 256,32000000,32,13526
norm,320000000,1,2576557
vectoriel 128,320000000,1,635406
vectoriel 256,320000000,1,1235532
norm,320000000,4,723104
norm,320000000,8,462193
norm,320000000,16,319697
norm,320000000,32,312859
vectoriel 128,320000000,4,277132
vectoriel 128,320000000,8,211948
vectoriel 128,320000000,16,183629
vectoriel 128,320000000,32,205076
vectoriel 256,320000000,4,533252
vectoriel 256,320000000,8,320068
vectoriel 256,320000000,16,177824
vectoriel 256,320000000,32,156698
norm,32000,1,131
vectoriel 128,32000,1,49
vectoriel 256,32000,1,82
norm,32000,4,109
norm,32000,8,159
norm,32000,16,252
norm,32000,32,470
vectoriel 128,32000,4,92
vectoriel 128,32000,8,138
vectoriel 128,32000,16,278
vectoriel 128,32000,32,501
vectoriel 256,32000,4,80
vectoriel 256,32000,8,131
vectoriel 256,32000,16,223
vectoriel 256,32000,32,570
norm,320000,1,1963
vectoriel 128,320000,1,591
vectoriel 256,320000,1,1034
norm,320000,4,606
norm,320000,8,564
norm,320000,16,810
norm,320000,32,624
vectoriel 128,320000,4,297
vectoriel 128,320000,8,225
vectoriel 128,320000,16,363
vectoriel 128,320000,32,669
vectoriel 256,320000,4,472
vectoriel 256,320000,8,340
vectoriel 256,320000,16,390
vectoriel 256,320000,32,693
norm,3200000,1,26429
vectoriel 128,3200000,1,9186
vectoriel 256,3200000,1,13553
norm,3200000,4,5852
norm,3200000,8,4162
norm,3200000,16,5049
norm,3200000,32,7513
vectoriel 128,3200000,4,4427
vectoriel 128,3200000,8,4243
vectoriel 128,3200000,16,3772
vectoriel 128,3200000,32,3842
vectoriel 256,3200000,4,4739
vectoriel 256,3200000,8,2772
vectoriel 256,3200000,16,3526
vectoriel 256,3200000,32,3661
norm,32000000,1,162988
vectoriel 128,32000000,1,65729
vectoriel 256,32000000,1,102363
norm,32000000,4,52812
norm,32000000,8,41412
norm,32000000,16,36639
norm,32000000,32,31073
vectoriel 128,32000000,4,19935
vectoriel 128,32000000,8,12332
vectoriel 128,32000000,16,15882
vectoriel 128,32000000,32,14726
vectoriel 256,32000000,4,44611
vectoriel 256,32000000,8,31216
vectoriel 256,32000000,16,33793
vectoriel 256,32000000,32,24223
norm,320000000,1,2011287
vectoriel 128,320000000,1,549687
vectoriel 256,320000000,1,885877
norm,320000000,4,357149
norm,320000000,8,278964
norm,320000000,16,252782
norm,320000000,32,249671
vectoriel 128,320000000,4,148252
vectoriel 128,320000000,8,113383
vectoriel 128,320000000,16,101473
vectoriel 128,320000000,32,101499
vectoriel 256,320000000,4,213785
vectoriel 256,320000000,8,151827
vectoriel 256,320000000,16,136869
vectoriel 256,320000000,32,136622
norm,32000,1,140
vectoriel 128,32000,1,45
vectoriel 256,32000,1,76
norm,32000,4,90
norm,32000,8,198
norm,32000,16,234
norm,32000,32,433
vectoriel 128,32000,4,122
vectoriel 128,32000,8,176
vectoriel 128,32000,16,351
vectoriel 128,32000,32,423
vectoriel 256,32000,4,87
vectoriel 256,32000,8,117
vectoriel 256,32000,16,226
vectoriel 256,32000,32,421
norm,320000,1,1272
vectoriel 128,320000,1,504
vectoriel 256,320000,1,864
norm,320000,4,508
norm,320000,8,509
norm,320000,16,520
norm,320000,32,804
vectoriel 128,320000,4,387
vectoriel 128,320000,8,254
vectoriel 128,320000,16,311
vectoriel 128,320000,32,609
vectoriel 256,320000,4,403
vectoriel 256,320000,8,468
vectoriel 256,320000,16,412
vectoriel 256,320000,32,633
norm,3200000,1,13598
vectoriel 128,3200000,1,5459
vectoriel 256,3200000,1,8499
norm,3200000,4,4993
norm,3200000,8,4407
norm,3200000,16,3667
norm,3200000,32,3851
vectoriel 128,3200000,4,3819
vectoriel 128,3200000,8,2023
vectoriel 128,3200000,16,1864
vectoriel 128,3200000,32,2291
vectoriel 256,3200000,4,3764
vectoriel 256,3200000,8,2095
vectoriel 256,3200000,16,1958
vectoriel 256,3200000,32,2146
norm,32000000,1,136758
vectoriel 128,32000000,1,60993
vectoriel 256,32000000,1,104565
norm,32000000,4,40853
norm,32000000,8,32438
norm,32000000,16,29838
norm,32000000,32,29449
vectoriel 128,32000000,4,24112
vectoriel 128,32000000,8,13286
vectoriel 128,32000000,16,11885
vectoriel 128,32000000,32,8986
vectoriel 256,32000000,4,21615
vectoriel 256,32000000,8,17532
vectoriel 256,32000000,16,15588
vectoriel 256,32000000,32,13595
norm,320000000,1,2148589
vectoriel 128,320000000,1,672502
vectoriel 256,320000000,1,1245036
norm,320000000,4,374027
norm,320000000,8,302631
norm,320000000,16,256892
norm,320000000,32,247497
vectoriel 128,320000000,4,140763
vectoriel 128,320000000,8,114294
vectoriel 128,320000000,16,97565
vectoriel 128,320000000,32,98076
vectoriel 256,320000000,4,228730
vectoriel 256,320000000,8,153877
vectoriel 256,320000000,16,140291
vectoriel 256,320000000,32,137563
norm,32000,1,124
vectoriel 128,32000,1,46
vectoriel 256,32000,1,78
norm,32000,4,86
norm,32000,8,129
norm,32000,16,199
norm,32000,32,527
vectoriel 128,32000,4,92
vectoriel 128,32000,8,123
vectoriel 128,32000,16,211
vectoriel 128,32000,32,434
vectoriel 256,32000,4,74
vectoriel 256,32000,8,122
vectoriel 256,32000,16,216
vectoriel 256,32000,32,445
norm,320000,1,1759
vectoriel 128,320000,1,609
vectoriel 256,320000,1,841
norm,320000,4,469
norm,320000,8,387
norm,320000,16,412
norm,320000,32,633
vectoriel 128,320000,4,327
vectoriel 128,320000,8,231
vectoriel 128,320000,16,272
vectoriel 128,320000,32,634
vectoriel 256,320000,4,439
vectoriel 256,320000,8,346
vectoriel 256,320000,16,404
vectoriel 256,320000,32,575
norm,3200000,1,15924
vectoriel 128,3200000,1,5592
vectoriel 256,3200000,1,10014
norm,3200000,4,6686
norm,3200000,8,4281
norm,3200000,16,3189
norm,3200000,32,3777
vectoriel 128,3200000,4,1704
vectoriel 128,3200000,8,1951
vectoriel 128,3200000,16,1569
vectoriel 128,3200000,32,1703
vectoriel 256,3200000,4,2416
vectoriel 256,3200000,8,2194
vectoriel 256,3200000,16,1886
vectoriel 256,3200000,32,2638
norm,32000000,1,153285
vectoriel 128,32000000,1,75760
vectoriel 256,32000000,1,96101
norm,32000000,4,38241
norm,32000000,8,31043
norm,32000000,16,30351
norm,32000000,32,29513
vectoriel 128,32000000,4,14201
vectoriel 128,32000000,8,11347
vectoriel 128,32000000,16,12973
vectoriel 128,32000000,32,12439
vectoriel 256,32000000,4,19965
vectoriel 256,32000000,8,17171
vectoriel 256,32000000,16,16541
vectoriel 256,32000000,32,16096
norm,320000000,1,2262047
vectoriel 128,320000000,1,651097
vectoriel 256,320000000,1,909312
norm,320000000,4,392707
norm,320000000,8,286087
norm,320000000,16,314716
norm,320000000,32,268035
vectoriel 128,320000000,4,355862
vectoriel 128,320000000,8,166696
vectoriel 128,320000000,16,124251
vectoriel 128,320000000,32,121196
vectoriel 256,320000000,4,354851
vectoriel 256,320000000,8,203100
vectoriel 256,320000000,16,152812
vectoriel 256,320000000,32,138948
norm,32000,1,131
vectoriel 128,32000,1,49
vectoriel 256,32000,1,82
norm,32000,4,125
norm,32000,8,144
norm,32000,16,251
norm,32000,32,437
vectoriel 128,32000,4,81
vectoriel 128,32000,8,111
vectoriel 128,32000,16,248
vectoriel 128,32000,32,459
vectoriel 256,32000,4,109
vectoriel 256,32000,8,171
vectoriel 256,32000,16,332
vectoriel 256,32000,32,512
norm,320000,1,1342
vectoriel 128,320000,1,510
vectoriel 256,320000,1,833
norm,320000,4,709
norm,320000,8,453
norm,320000,16,531
norm,320000,32,619
vectoriel 128,320000,4,355
vectoriel 128,320000,8,284
vectoriel 128,320000,16,319
vectoriel 128,320000,32,598
vectoriel 256,320000,4,495
vectoriel 256,320000,8,312
vectoriel 256,320000,16,362
vectoriel 256,320000,32,719
norm,3200000,1,14858
vectoriel 128,3200000,1,5214
vectoriel 256,3200000,1,9483
norm,3200000,4,6729
norm,3200000,8,3717
norm,3200000,16,3383
norm,3200000,32,4338
vectoriel 128,3200000,4,2713
vectoriel 128,3200000,8,1918
vectoriel 128,3200000,16,1525
vectoriel 128,3200000,32,1431
vectoriel 256,3200000,4,3176
vectoriel 256,3200000,8,1973
vectoriel 256,3200000,16,1919
vectoriel 256,3200000,32,2226
norm,32000000,1,172733
vectoriel 128,32000000,1,128474
vectoriel 256,32000000,1,163254
norm,32000000,4,54203
norm,32000000,8,37454
norm,32000000,16,31866
norm,32000000,32,34509
vectoriel 128,32000000,4,23512
vectoriel 128,32000000,8,16115
vectoriel 128,32000000,16,15764
vectoriel 128,32000000,32,14017
vectoriel 256,32000000,4,29156
vectoriel 256,32000000,8,25024
vectoriel 256,32000000,16,19426
vectoriel 256,32000000,32,15700
norm,320000000,1,1658521
vectoriel 128,320000000,1,567054
vectoriel 256,320000000,1,867113
norm,320000000,4,358525
norm,320000000,8,392322
norm,320000000,16,290658
norm,320000000,32,281656
vectoriel 128,320000000,4,245691
vectoriel 128,320000000,8,124007
vectoriel 128,320000000,16,107039
vectoriel 128,320000000,32,100182
vectoriel 256,320000000,4,233547
vectoriel 256,320000000,8,228448
vectoriel 256,320000000,16,254885
vectoriel 256,320000000,32,143915
JAVA-Traditional for-loop,32000,1,100.0
JAVA-Traditional for-loop,32000,1,101.0
JAVA-Traditional for-loop,32000,1,105.0
JAVA-Traditional for-loop,32000,1,120.0
JAVA-Traditional for-loop,32000,1,127.0
JAVA-Traditional for-loop,32000,1,335.0
JAVA-Traditional for-loop,32000,1,336.0
JAVA-Traditional for-loop,32000,1,3630.0
JAVA-Traditional for-loop,32000,1,99.0
JAVA-Traditional for-loop,32000,1,99.0
JAVA-Traditional for-loop,320000,1,1005.0
JAVA-Traditional for-loop,320000,1,1010.0
JAVA-Traditional for-loop,320000,1,1026.0
JAVA-Traditional for-loop,320000,1,1028.0
JAVA-Traditional for-loop,320000,1,3311.0
JAVA-Traditional for-loop,320000,1,3322.0
JAVA-Traditional for-loop,320000,1,8284.0
JAVA-Traditional for-loop,320000,1,934.0
JAVA-Traditional for-loop,320000,1,956.0
JAVA-Traditional for-loop,320000,1,957.0
JAVA-Traditional for-loop,3200000,1,143676.0
JAVA-Traditional for-loop,3200000,1,27795.0
JAVA-Traditional for-loop,3200000,1,28044.0
JAVA-Traditional for-loop,3200000,1,30526.0
JAVA-Traditional for-loop,3200000,1,44750.0
JAVA-Traditional for-loop,3200000,1,7853.0
JAVA-Traditional for-loop,3200000,1,7925.0
JAVA-Traditional for-loop,3200000,1,8345.0
JAVA-Traditional for-loop,3200000,1,8909.0
JAVA-Traditional for-loop,3200000,1,9368.0
JAVA-Traditional for-loop,32000000,1,107944.0
JAVA-Traditional for-loop,32000000,1,226563.0
JAVA-Traditional for-loop,32000000,1,254571.0
JAVA-Traditional for-loop,32000000,1,302276.0
JAVA-Traditional for-loop,32000000,1,302652.0
JAVA-Traditional for-loop,32000000,1,320289.0
JAVA-Traditional for-loop,32000000,1,320506.0
JAVA-Traditional for-loop,32000000,1,327665.0
JAVA-Traditional for-loop,32000000,1,333187.0
JAVA-Traditional for-loop,32000000,1,374623.0
JAVA-Traditional iterator-loop,32000,1,121.0
JAVA-Traditional iterator-loop,32000,1,125.0
JAVA-Traditional iterator-loop,32000,1,128.0
JAVA-Traditional iterator-loop,32000,1,130.0
JAVA-Traditional iterator-loop,32000,1,130.0
JAVA-Traditional iterator-loop,32000,1,132.0
JAVA-Traditional iterator-loop,32000,1,133.0
JAVA-Traditional iterator-loop,32000,1,3083.0
JAVA-Traditional iterator-loop,32000,1,348.0
JAVA-Traditional iterator-loop,32000,1,357.0
JAVA-Traditional iterator-loop,320000,1,1154.0
JAVA-Traditional iterator-loop,320000,1,1195.0
JAVA-Traditional iterator-loop,320000,1,1225.0
JAVA-Traditional iterator-loop,320000,1,1288.0
JAVA-Traditional iterator-loop,320000,1,1303.0
JAVA-Traditional iterator-loop,320000,1,1307.0
JAVA-Traditional iterator-loop,320000,1,1321.0
JAVA-Traditional iterator-loop,320000,1,16147.0
JAVA-Traditional iterator-loop,320000,1,3431.0
JAVA-Traditional iterator-loop,320000,1,3472.0
JAVA-Traditional iterator-loop,3200000,1,10625.0
JAVA-Traditional iterator-loop,3200000,1,10688.0
JAVA-Traditional iterator-loop,3200000,1,10784.0
JAVA-Traditional iterator-loop,3200000,1,11293.0
JAVA-Traditional iterator-loop,3200000,1,11347.0
JAVA-Traditional iterator-loop,3200000,1,11907.0
JAVA-Traditional iterator-loop,3200000,1,14223.0
JAVA-Traditional iterator-loop,3200000,1,32277.0
JAVA-Traditional iterator-loop,3200000,1,33393.0
JAVA-Traditional iterator-loop,3200000,1,74945.0
JAVA-Traditional iterator-loop,32000000,1,192500.0
JAVA-Traditional iterator-loop,32000000,1,194433.0
JAVA-Traditional iterator-loop,32000000,1,201165.0
JAVA-Traditional iterator-loop,32000000,1,202076.0
JAVA-Traditional iterator-loop,32000000,1,206309.0
JAVA-Traditional iterator-loop,32000000,1,214265.0
JAVA-Traditional iterator-loop,32000000,1,229699.0
JAVA-Traditional iterator-loop,32000000,1,248388.0
JAVA-Traditional iterator-loop,32000000,1,253015.0
JAVA-Traditional iterator-loop,32000000,1,313955.0
JAVA-for-each lambda,32000,1,10319.0
JAVA-for-each lambda,32000,1,267.0
JAVA-for-each lambda,32000,1,267.0
JAVA-for-each lambda,32000,1,268.0
JAVA-for-each lambda,32000,1,268.0
JAVA-for-each lambda,32000,1,271.0
JAVA-for-each lambda,32000,1,272.0
JAVA-for-each lambda,32000,1,272.0
JAVA-for-each lambda,32000,1,277.0
JAVA-for-each lambda,32000,1,296.0
JAVA-for-each lambda,320000,1,2258.0
JAVA-for-each lambda,320000,1,2267.0
JAVA-for-each lambda,320000,1,2287.0
JAVA-for-each lambda,320000,1,2426.0
JAVA-for-each lambda,320000,1,2427.0
JAVA-for-each lambda,320000,1,2475.0
JAVA-for-each lambda,320000,1,2478.0
JAVA-for-each lambda,320000,1,2569.0
JAVA-for-each lambda,320000,1,2683.0
JAVA-for-each lambda,320000,1,7624.0
JAVA-for-each lambda,3200000,1,21281.0
JAVA-for-each lambda,3200000,1,21290.0
JAVA-for-each lambda,3200000,1,21842.0
JAVA-for-each lambda,3200000,1,23335.0
JAVA-for-each lambda,3200000,1,23651.0
JAVA-for-each lambda,3200000,1,23678.0
JAVA-for-each lambda,3200000,1,23817.0
JAVA-for-each lambda,3200000,1,24049.0
JAVA-for-each lambda,3200000,1,27531.0
JAVA-for-each lambda,3200000,1,62039.0
JAVA-for-each lambda,32000000,1,237152.0
JAVA-for-each lambda,32000000,1,237172.0
JAVA-for-each lambda,32000000,1,238574.0
JAVA-for-each lambda,32000000,1,244970.0
JAVA-for-each lambda,32000000,1,259488.0
JAVA-for-each lambda,32000000,1,260549.0
JAVA-for-each lambda,32000000,1,263418.0
JAVA-for-each lambda,32000000,1,275954.0
JAVA-for-each lambda,32000000,1,288526.0
JAVA-for-each lambda,32000000,1,342991.0
JAVA-for-loop object,32000,1,108.0
JAVA-for-loop object,32000,1,111.0
JAVA-for-loop object,32000,1,115.0
JAVA-for-loop object,32000,1,117.0
JAVA-for-loop object,32000,1,119.0
JAVA-for-loop object,32000,1,120.0
JAVA-for-loop object,32000,1,127.0
JAVA-for-loop object,32000,1,3430.0
JAVA-for-loop object,32000,1,351.0
JAVA-for-loop object,32000,1,353.0
JAVA-for-loop object,320000,1,1084.0
JAVA-for-loop object,320000,1,1084.0
JAVA-for-loop object,320000,1,1165.0
JAVA-for-loop object,320000,1,1177.0
JAVA-for-loop object,320000,1,1188.0
JAVA-for-loop object,320000,1,1227.0
JAVA-for-loop object,320000,1,2431.0
JAVA-for-loop object,320000,1,3291.0
JAVA-for-loop object,320000,1,3376.0
JAVA-for-loop object,320000,1,8431.0
JAVA-for-loop object,3200000,1,10142.0
JAVA-for-loop object,3200000,1,10298.0
JAVA-for-loop object,3200000,1,10987.0
JAVA-for-loop object,3200000,1,11086.0
JAVA-for-loop object,3200000,1,11152.0
JAVA-for-loop object,3200000,1,11355.0
JAVA-for-loop object,3200000,1,12521.0
JAVA-for-loop object,3200000,1,14302.0
JAVA-for-loop object,3200000,1,32432.0
JAVA-for-loop object,3200000,1,81564.0
JAVA-for-loop object,32000000,1,141930.0
JAVA-for-loop object,32000000,1,153488.0
JAVA-for-loop object,32000000,1,156209.0
JAVA-for-loop object,32000000,1,157885.0
JAVA-for-loop object,32000000,1,164979.0
JAVA-for-loop object,32000000,1,201033.0
JAVA-for-loop object,32000000,1,232223.0
JAVA-for-loop object,32000000,1,250127.0
JAVA-for-loop object,32000000,1,279475.0
JAVA-for-loop object,32000000,1,289500.0
JAVA-parallel stream,32000,1,299.0
JAVA-parallel stream,32000,1,306.0
JAVA-parallel stream,32000,1,313.0
JAVA-parallel stream,32000,1,336.0
JAVA-parallel stream,32000,1,346.0
JAVA-parallel stream,32000,1,374.0
JAVA-parallel stream,32000,1,395.0
JAVA-parallel stream,32000,1,428.0
JAVA-parallel stream,32000,1,537.0
JAVA-parallel stream,32000,1,8595.0
JAVA-parallel stream,320000,1,19861.0
JAVA-parallel stream,320000,1,524.0
JAVA-parallel stream,320000,1,545.0
JAVA-parallel stream,320000,1,547.0
JAVA-parallel stream,320000,1,554.0
JAVA-parallel stream,320000,1,604.0
JAVA-parallel stream,320000,1,663.0
JAVA-parallel stream,320000,1,673.0
JAVA-parallel stream,320000,1,817.0
JAVA-parallel stream,320000,1,999.0
JAVA-parallel stream,3200000,1,4408.0
JAVA-parallel stream,3200000,1,4492.0
JAVA-parallel stream,3200000,1,4562.0
JAVA-parallel stream,3200000,1,4573.0
JAVA-parallel stream,3200000,1,4587.0
JAVA-parallel stream,3200000,1,4587.0
JAVA-parallel stream,3200000,1,4735.0
JAVA-parallel stream,3200000,1,5079.0
JAVA-parallel stream,3200000,1,6323.0
JAVA-parallel stream,3200000,1,6682.0
JAVA-parallel stream,32000000,1,47359.0
JAVA-parallel stream,32000000,1,47450.0
JAVA-parallel stream,32000000,1,48086.0
JAVA-parallel stream,32000000,1,48897.0
JAVA-parallel stream,32000000,1,49962.0
JAVA-parallel stream,32000000,1,51240.0
JAVA-parallel stream,32000000,1,51293.0
JAVA-parallel stream,32000000,1,51618.0
JAVA-parallel stream,32000000,1,52110.0
JAVA-parallel stream,32000000,1,60361.0